i,j,distance
0,1,89.4977
0,2,97.4267
0,3,29.9248
0,4,123.795
0,5,173.194
0,6,167.793
0,7,115.568
0,8,193.204
0,9,86.5128
0,10,189.189
0,11,112.805
0,12,123.143
0,13,40.1818
0,14,123.15
0,15,96.0497
0,16,106.891
0,17,96.7788
0,18,37.8008
0,19,93.5548
0,20,178.855
0,21,76.009
0,22,159.699
0,23,139.951
0,24,191.776
0,25,71.302
0,26,99.4171
0,27,134.361
0,28,170.616
0,29,55.5154
0,30,124.958
0,31,61.0807
0,32,78.0299
0,33,178.352
0,34,200.604
0,35,109.469
0,36,64.9249
0,37,127.235
0,38,60.5319
0,39,67.6156
0,40,86.6817
0,41,93.8161
0,42,86.6656
0,43,170.928
0,44,120.291
0,45,185.245
0,46,59.336
0,47,79.4924
0,48,79.1491
0,49,67.1779
1,2,51.6596
1,3,71.4479
1,4,71.3783
1,5,106.755
1,6,91.784
1,7,59.4453
1,8,174.946
1,9,154.129
1,10,173.69
1,11,113.223
1,12,161.176
1,13,51.8024
1,14,36.1165
1,15,18.0097
1,16,33.6181
1,17,39
1,18,117.526
1,19,108.974
1,20,186.314
1,21,19.3318
1,22,162.786
1,23,92.7358
1,24,167.327
1,25,55.3422
1,26,93.2948
1,27,121.022
1,28,85.7717
1,29,38.9023
1,30,61.0608
1,31,131.549
1,32,147.211
1,33,99.9099
1,34,193.687
1,35,25.8414
1,36,27.5536
1,37,143.773
1,38,53.6831
1,39,31.6231
1,40,10.7576
1,41,91.5423
1,42,148.234
1,43,163.938
1,44,108.44
1,45,137.03
1,46,30.5532
1,47,29.6248
1,48,37.8899
1,49,23.1351
2,3,95.0218
2,4,123.006
2,5,154.774
2,6,136.204
2,7,111.08
2,8,226.031
2,9,179.23
2,10,224.511
2,11,159.754
2,12,199.418
2,13,75.8871
2,14,77.3276
2,15,69.5163
2,16,84.5856
2,17,13.509
2,18,133.888
2,19,151.288
2,20,233.798
2,21,39.3236
2,22,210.628
2,23,144.351
2,24,218.777
2,25,27.7638
2,26,139.965
2,27,170.562
2,28,122.315
2,29,72.245
2,30,111.956
2,31,154.151
2,32,171.203
2,33,142.032
2,34,243.734
2,35,41.5851
2,36,44.793
2,37,187.867
2,38,92.9516
2,39,73.1523
2,40,61.5164
2,41,137.113
2,42,176.219
2,43,213.555
2,44,157.241
2,45,188.06
2,46,52.8584
2,47,26.4657
2,48,85.4262
2,49,58.6964
3,4,94.493
3,5,144.33
3,6,140.557
3,7,86.8936
3,8,165.397
3,9,85.1695
3,10,161.709
3,11,85.8249
3,12,107.581
3,13,20.4752
3,14,101.119
3,15,73.3424
3,16,81.6503
3,17,90.247
3,18,46.3209
3,19,68.6638
3,20,155.535
3,21,63.4583
3,22,134.929
3,23,110.125
3,24,163.205
3,25,73.8844
3,26,70.7712
3,27,106.077
3,28,146.054
3,29,32.8901
3,30,96.8607
3,31,61.0653
3,32,77.5599
3,33,151.497
3,34,174.69
3,35,95.165
3,36,53.2617
3,37,104.623
3,38,31.3339
3,39,43.4958
3,40,65.7545
3,41,65.3828
3,42,81.3227
3,43,144.473
3,44,91.7734
3,45,155.32
3,46,45.492
3,47,71.5291
3,48,51.9891
3,49,48.396
4,5,50.3094
4,6,53.4072
4,7,11.9352
4,8,106.329
4,9,148.086
4,10,106.055
4,11,66.6963
4,12,128.494
4,13,86.9268
4,14,58.5656
4,15,53.5022
4,16,39.1949
4,17,110.091
4,18,132.964
4,19,77.0297
4,20,128.439
4,21,87.2791
4,22,105.251
4,23,21.3624
4,24,97.3174
4,25,123.228
4,26,52.6969
4,27,61.2718
4,28,71.9137
4,29,73.6439
4,30,16.118
4,31,134.165
4,32,144.288
4,33,65.1521
4,34,128.181
4,35,88.5744
4,36,89.2907
4,37,99.1256
4,38,63.288
4,39,62.8538
4,40,62.1405
4,41,55.8625
4,42,138.216
4,43,100.715
4,44,54.0642
4,45,67.0392
4,46,85.6611
4,47,99.8606
4,48,47.6123
4,49,73.8116
5,6,25.3421
5,7,57.6356
5,8,108.576
5,9,195.445
5,10,111.194
5,11,105.498
5,12,167.661
5,13,134.944
5,14,78.1308
5,15,89.7539
5,16,74.0872
5,17,141.265
5,18,183.206
5,19,121.359
5,20,147.833
5,21,125.512
5,22,127.807
5,23,42.5996
5,24,95.6965
5,25,162.027
5,26,97.3915
5,27,89.8276
5,28,53.605
5,29,120.588
5,30,49.1542
5,31,183.372
5,32,192.383
5,33,31.179
5,34,135.582
5,35,114.418
5,36,130.563
5,37,134.11
5,38,113.001
5,39,108.821
5,40,100.519
5,41,101.851
5,42,184.983
5,43,115.901
5,44,90.1046
5,45,44.936
5,46,128.918
5,47,136.302
5,48,94.8033
5,49,116.879
6,7,55.6501
6,8,132.24
6,9,201.325
6,10,134.39
6,11,117.573
6,12,180.171
6,13,128.044
6,14,58.9301
6,15,76.6167
6,16,62.3043
6,17,122.806
6,18,182.885
6,19,130.129
6,20,168.221
6,21,111.088
6,22,146.959
6,23,55.7724
6,24,119.757
6,25,146.763
6,26,105.705
6,27,105.954
6,28,28.4278
6,29,112.912
6,30,44.4149
6,31,186.432
6,32,197.287
6,33,11.7511
6,34,158.679
6,35,94.8612
6,36,117.798
6,37,148.541
6,38,109.742
6,39,100.729
6,40,87.6103
6,41,109.175
6,42,191.574
6,43,136.953
6,44,103.156
6,45,70.1226
6,46,117.624
6,47,120.478
6,48,88.783
6,49,105.98
7,8,117.505
7,9,146.506
7,10,116.976
7,11,71.5001
7,12,131.65
7,13,77.5276
7,14,48.761
7,15,41.5886
7,16,27.6049
7,17,98.189
7,18,127.571
7,19,78.647
7,20,137.095
7,21,75.4463
7,22,113.643
7,23,33.2974
7,24,108.85
7,25,111.528
7,26,55.1047
7,27,69.6179
7,28,69.6889
7,29,63.5959
7,30,11.6253
7,31,130.847
7,32,142.101
7,33,67.2453
7,34,138.635
7,35,77.1042
7,36,77.7673
7,37,104.363
7,38,55.5781
7,39,52.3095
7,40,50.2367
7,41,57.1587
7,42,137.173
7,43,110.484
7,44,60.5892
7,45,78.6175
7,46,74.4685
7,47,87.9676
7,48,37.5344
7,49,62.512
8,9,163.793
8,10,6.34004
8,11,80.5863
8,12,111.219
8,13,169.935
8,14,164.36
8,15,157.961
8,16,145.08
8,17,213.879
8,18,180.819
8,19,101.506
8,20,52.7923
8,21,187.66
8,22,47.5193
8,23,86.8958
8,24,13.7434
8,25,220.452
8,26,94.858
8,27,59.4962
8,28,160.318
8,29,162.588
8,30,121.191
8,31,166.716
8,32,165.707
8,33,139.735
8,34,27.828
8,35,194.573
8,36,186.275
8,37,79.5507
8,38,143.317
8,39,156.164
8,40,164.641
8,41,100.059
8,42,152.381
8,43,28.1698
8,44,73.954
8,45,66.3031
8,46,180.252
8,47,200.843
8,48,141.729
8,49,170.22
9,10,158.001
9,11,95.4163
9,12,57.6862
9,13,105.533
9,14,177.996
9,15,151.321
9,16,154.269
9,17,175.308
9,18,49.3658
9,19,75.2454
9,20,128.001
9,21,148.459
9,22,118.104
9,23,153.348
9,24,168.646
9,25,155.541
9,26,98.2253
9,27,118.819
9,28,215.284
9,29,115.512
9,30,158.127
9,31,25.5179
9,32,8.52504
9,33,213.07
9,34,158.9
9,35,179.106
9,36,138.424
9,37,84.2438
9,38,102.497
9,39,123.111
9,40,146.462
9,41,93.5965
9,42,11.5718
9,43,136.011
9,44,110.526
9,45,186.704
9,46,130.579
9,47,156.631
9,48,124.389
9,49,131.939
10,11,76.403
10,12,105.063
10,13,166.89
10,14,164.398
10,15,156.942
10,16,144.456
10,17,212.53
10,18,175.939
10,19,96.918
10,20,46.7496
10,21,185.899
10,22,41.2916
10,23,87.2492
10,24,18.5919
10,25,218.193
10,26,91.4778
10,27,56.3005
10,28,162.262
10,29,160.011
10,30,121.243
10,31,161.395
10,32,160.054
10,33,142.267
10,34,24.3907
10,35,193.878
10,36,184.158
10,37,73.7707
10,38,140.433
10,39,153.977
10,40,163.279
10,41,96.5248
10,42,146.623
10,43,22.1023
10,44,70.7555
10,45,69.974
10,46,177.957
10,47,199.099
10,48,139.785
10,49,168.16
11,12,62.6388
11,13,93.4032
11,14,117.889
11,15,100.012
11,16,93.0119
11,17,149.497
11,18,101.631
11,19,22.1486
11,20,74.0949
11,21,120.474
11,22,51.2883
11,23,63.1633
11,24,80.5582
11,25,148.331
11,26,19.9541
11,27,24.336
11,28,138.539
11,29,89.4804
11,30,81.6039
11,31,91.0631
11,32,94.5896
11,33,128.947
11,34,89.0554
11,35,137.517
11,36,116.065
11,37,32.8859
11,38,68.5754
11,39,86.6042
11,40,102.511
11,41,22.8246
11,42,84.063
11,43,58.6725
11,44,15.6799
11,45,91.309
11,46,108.78
11,47,133.33
11,48,75.5003
11,49,101.099
12,13,124.181
12,14,174.378
12,15,152.058
12,16,148.985
12,17,191.911
12,18,93.7125
12,19,53.9708
12,20,70.6156
12,21,162.468
12,22,63.8445
12,23,125.652
12,24,118.401
12,25,181.033
12,26,76.5451
12,27,79.538
12,28,200.357
12,29,127.72
12,30,142.528
12,31,71.2536
12,32,62.5369
12,33,191.577
12,34,102.581
12,35,186.937
12,36,154.826
12,37,35.5517
12,38,108.284
12,39,130.262
12,40,151.271
12,41,74.9764
12,42,47.8863
12,43,83.0604
12,44,77.6294
12,45,147.454
12,46,146.659
12,47,173.692
12,48,124.503
12,49,143.135
13,14,83.5512
13,15,56.111
13,16,66.7379
13,17,70.2309
13,18,65.8103
13,19,79.7801
13,20,166.126
13,21,42.9892
13,22,144.285
13,23,105.113
13,24,166.117
13,25,57.279
13,26,75.6537
13,27,110.59
13,28,130.474
13,29,15.3349
13,30,86.0588
13,31,81.5405
13,32,97.9964
13,33,138.421
13,34,182.132
13,35,74.8695
13,36,32.9365
13,37,116.736
13,38,26.9107
13,39,27.4764
13,40,47.3035
13,41,71.0917
13,42,101.298
13,43,151.52
13,44,96.1366
13,45,151.593
13,46,25.0491
13,47,51.4921
13,48,40.1446
13,49,28.6805
14,15,27.7806
14,16,25.3943
14,17,63.8956
14,18,147.243
14,19,120.411
14,20,185.801
14,21,54.9596
14,22,162.296
14,23,77.5624
14,24,154.549
14,25,88.928
14,26,99.4446
14,27,118.328
14,28,49.6717
14,29,68.6795
14,30,43.1745
14,31,157.731
14,32,171.989
14,33,65.5114
14,34,186.738
14,35,36.3266
14,36,63.6544
14,37,150.594
14,38,75.7641
14,39,57.6442
14,40,36.4753
14,41,99.8257
14,42,170.489
14,43,159.098
14,44,108.611
14,45,115.445
14,46,65.8822
14,47,62.5778
14,48,53.6143
14,49,56.1311
15,16,15.8388
15,17,56.605
15,18,119.47
15,19,98.5982
15,20,171.838
15,21,35.8229
15,22,148.209
15,23,74.8374
15,24,149.965
15,25,72.4313
15,26,80.3824
15,27,105.515
15,28,74.7863
15,29,41.0434
15,30,43.1376
15,31,130.424
15,32,145.047
15,33,85.6855
15,34,177.501
15,35,37.8663
15,36,41.2698
15,37,131.678
15,38,48.8246
15,39,29.864
15,40,11.002
15,41,79.4865
15,42,144.291
15,43,148.147
15,44,93.6346
15,45,119.031
15,46,41.1936
15,47,47.3502
15,48,27.9037
15,49,30.0253
16,17,71.4122
16,18,126.722
16,19,95.017
16,20,162.489
16,21,51.6401
16,22,138.871
16,23,60.2577
16,24,136.436
16,25,88.2569
16,26,74.2523
16,27,95.2789
16,28,64.4061
16,29,51.4136
16,30,27.47
16,31,135.072
16,32,148.625
16,33,72.0819
16,34,165.808
16,35,49.5027
16,36,56.5439
16,37,125.559
16,38,53.3196
16,39,39.2752
16,40,26.4345
16,41,74.4749
16,42,146.314
16,43,137.15
16,44,84.5995
16,45,103.546
16,46,55.5349
16,47,63.137
16,48,30.6314
16,49,43.737
17,18,131.806
17,19,142.336
17,20,223.336
17,21,29.602
17,22,200
17,23,131.399
17,24,206.326
17,25,32.9333
17,26,129.589
17,27,159.191
17,28,109.547
17,29,64.192
17,30,98.6974
17,31,150.679
17,32,167.518
17,33,128.806
17,34,232.181
17,35,28.5188
17,36,37.527
17,37,178.508
17,38,84.1849
17,39,63.2929
17,40,49.2525
17,41,127.081
17,42,171.491
17,43,202.191
17,44,146.153
17,45,174.772
17,46,45.7094
17,47,18.7403
17,48,74.3868
17,49,49.2516
18,19,79.7121
18,20,157.118
18,21,107.712
18,22,141.129
18,23,144.703
18,24,182.05
18,25,108.602
18,26,94.3968
18,27,125.607
18,28,190.942
18,29,79.2051
18,30,138.499
18,31,24.6511
18,32,40.8416
18,33,194.231
18,34,183.194
18,35,140.468
18,36,96.8758
18,37,106.443
18,38,73.8433
18,39,89.6134
18,40,112.075
18,41,88.6126
18,42,51.3026
18,43,155.541
18,44,113.173
18,45,186.148
18,46,89.843
18,47,113.646
18,48,96.2726
18,49,94.3959
19,20,86.9466
19,21,112.755
19,22,66.4063
19,23,78.8437
19,24,102.337
19,25,136.623
19,26,24.4276
19,27,46.4607
19,28,148.122
19,29,79.1674
19,30,89.8887
19,31,69.0738
19,32,73.6036
19,33,141.805
19,34,107.054
19,35,134.444
19,36,106.6
19,37,37.0047
19,38,58.3392
19,39,79.2361
19,40,98.6932
19,41,21.4886
19,42,64.2442
19,43,77.6207
19,44,35.8084
19,45,112.003
19,46,98.7448
19,47,124.925
19,48,71.495
19,49,93.0873
20,21,194.491
20,22,23.6444
20,23,114.544
20,24,64.9122
20,25,222.072
20,26,93.8347
20,27,67.4784
20,28,194.394
20,29,163.39
20,30,144.556
20,31,137.864
20,32,132.08
20,33,177.697
20,34,33.9581
20,35,209.696
20,36,190.142
20,37,51.6436
20,38,142.378
20,39,160.668
20,40,175.556
20,41,96.8731
20,42,117.577
20,43,32.2861
20,44,78.2122
20,45,111.91
20,46,182.792
20,47,207.397
20,48,149.034
20,49,175.178
21,22,171.306
21,23,108.528
21,24,180.974
21,25,36.6193
21,26,100.657
21,27,131.45
21,28,104.589
21,29,34.8581
21,30,78.6436
21,31,124.517
21,32,140.976
21,33,119.234
21,34,204.689
21,35,33.4603
21,36,11.0884
21,37,149.028
21,38,54.5848
21,39,33.9259
21,40,25.4819
21,41,97.8914
21,42,143.86
21,43,174.408
21,44,118.001
21,45,153.925
21,46,18.0033
21,47,13.2025
21,48,46.2925
21,49,19.6723
22,23,92.3251
22,24,56.0152
22,25,199.613
22,26,70.7337
22,27,44.0603
22,28,172.463
22,29,140.768
22,30,121.364
22,31,124.06
22,32,120.859
22,33,156.876
22,34,42.1046
22,35,186.07
22,36,167.257
22,37,35.0308
22,38,119.853
22,39,137.575
22,40,152.029
22,41,74.1066
22,42,106.944
22,43,19.5921
22,44,54.576
22,45,95.54
22,46,160.041
22,47,184.277
22,48,125.64
22,49,152.106
23,24,77.0314
23,25,144.289
23,26,55.1249
23,27,50.2365
23,28,80.1677
23,29,92.8089
23,30,34.5088
23,31,142.554
23,32,150.637
23,33,66.6442
23,34,110.306
23,35,109.323
23,36,110.163
23,37,93.0373
23,38,79.8118
23,39,82.7225
23,40,83.4757
23,41,59.8812
23,42,142.718
23,43,84.7313
23,44,48.0517
23,45,46.7124
23,46,106.137
23,47,121.177
23,48,67.2353
23,49,94.4605
24,25,214.702
24,26,92.4618
24,27,57.476
24,28,147.999
24,29,157.724
24,30,111.538
24,31,169.561
24,32,169.909
24,33,126.875
24,34,41.5544
24,35,185.887
24,36,180.322
24,37,84.9561
24,38,139.258
24,39,150.482
24,40,157.261
24,41,97.9804
24,42,157.117
24,43,36.5416
24,44,71.5017
24,45,52.764
24,46,174.699
24,47,194.087
24,48,135.616
24,49,164.208
25,26,129.304
25,27,162.527
25,28,137.579
25,29,58.9174
25,30,115.212
25,31,130.134
25,32,147.293
25,33,154.28
25,34,235.542
25,35,58.075
25,36,34.4484
25,37,173.627
25,38,79.7605
25,39,64.2989
25,40,62.0409
25,41,125.536
25,42,153.571
25,43,204.941
25,44,148.455
25,45,190.139
25,46,40.2407
25,47,26.365
25,48,79.1185
25,49,50.5498
26,27,35.382
26,28,124.137
26,29,70.3892
26,30,66.0602
26,31,88.6233
26,32,95.6699
26,33,117.378
26,34,106.641
26,35,117.723
26,36,96.557
26,37,51.4393
26,38,49.8087
26,39,66.8553
26,40,82.5955
26,41,5.8273
26,42,87.6179
26,43,75.9918
26,44,21.0055
26,45,92.1154
26,46,89.4488
26,47,113.576
26,48,55.5471
26,49,81.3799
27,28,130.037
27,29,103.987
27,30,77.3666
27,31,115.383
27,32,118.452
27,33,116.61
27,34,73.265
27,35,143.315
27,36,128.84
27,37,44.6936
27,38,84.1692
27,39,98.6339
27,40,110.335
27,41,40.6976
27,42,107.339
27,43,43.005
27,44,14.4694
27,45,68.8605
27,46,122.312
27,47,144.624
27,48,85.1658
27,49,113.033
28,29,115.178
28,30,58.2601
28,31,197.883
28,32,210.366
28,33,25.1958
28,34,186.454
28,35,81.0601
28,36,113.277
28,37,170.681
28,38,117.192
28,39,103.263
28,40,84.9556
28,41,126.66
28,42,206.355
28,43,163.695
28,44,125.24
28,45,98.5033
28,46,115.09
28,47,111.444
28,48,94.6698
28,49,104.634
29,30,71.5041
29,31,92.659
29,32,108.446
29,33,123.193
29,34,176.764
29,35,63.5973
29,36,27.4652
29,37,115.957
29,38,21.0598
29,39,12.1973
29,40,32.8878
29,41,66.6636
29,42,110.097
29,43,146.134
29,44,89.7686
29,45,139.51
29,46,19.5917
29,47,46.091
29,48,26.0942
29,49,16.4791
30,31,142.311
30,32,153.693
30,33,55.9002
30,34,143.748
30,35,75.2341
30,36,82.448
30,37,114.319
30,38,65.7252
30,39,59.6742
30,40,53.1744
30,41,68.4131
30,42,148.796
30,43,116.659
30,44,69.7011
30,45,76.1102
30,46,80.1688
30,47,90.4815
30,48,45.9639
30,49,68.0996
31,32,17.1626
31,33,198.077
31,34,166.05
31,35,155.973
31,36,114.199
31,37,89.0332
31,38,82.0295
31,39,101.299
31,40,124.594
31,41,83.2411
31,42,26.6992
31,43,140.1
31,44,104.663
31,45,180.31
31,46,106.535
31,47,132.089
31,48,104.575
31,49,108.873
32,33,209.011
32,34,162.186
32,35,171.981
32,36,130.811
32,37,86.3835
32,38,96.2812
32,39,116.454
32,40,139.815
32,41,90.7555
32,42,14.6505
32,43,138.223
32,44,109.3
32,45,185.565
32,46,123.041
32,47,148.879
32,48,118.466
32,49,124.808
33,34,166.644
33,35,100.455
33,36,126.536
33,37,159.631
33,38,120.874
33,39,110.996
33,40,96.6
33,41,120.893
33,42,203.325
33,43,146.093
33,44,114.363
33,45,75.6444
33,46,126.87
33,47,127.917
33,48,99.5806
33,49,115.441
34,35,214.924
34,36,202.047
34,37,77.0846
34,38,156.427
34,39,171.861
34,40,183.094
34,41,111.041
34,42,148.001
34,43,30.6518
34,44,87.1043
34,45,94.0463
34,46,195.394
34,47,217.871
34,48,158.397
34,49,186.286
35,36,44.5441
35,37,168.702
35,38,79.498
35,39,57.3862
35,40,35.756
35,41,116.39
35,42,173.573
35,43,185.817
35,44,131.498
35,45,150.353
35,46,50.7625
35,47,33.7417
35,48,63.0042
35,49,47.1762
36,37,143.315
36,38,48.3236
36,39,30.2167
36,40,30.2796
36,41,93.2689
36,42,134.21
36,43,171.544
36,44,114.977
36,45,156.322
36,46,8.20335
36,47,18.9272
36,48,44.708
36,49,16.1168
37,38,94.9911
37,39,115.219
37,40,133.211
37,41,52.3116
37,42,72.8521
37,43,51.85
37,44,45.5158
37,45,111.948
37,46,135.548
37,47,161.435
37,48,105.892
37,49,129.371
38,39,22.1552
38,40,44.7201
38,41,45.8027
38,42,95.6052
38,43,125.775
38,44,69.7817
38,45,125.813
38,46,40.6152
38,47,66.5915
38,48,22.6886
38,49,35.0005
39,40,23.3627
39,41,63.974
39,42,116.85
39,43,141.388
39,44,84.8287
39,45,129.396
39,46,24.2291
39,47,46.7287
39,48,15.5158
39,49,14.5365
40,41,80.9367
40,42,140.082
40,43,153.276
40,44,97.6959
40,45,128.531
40,46,30.3819
40,47,37.7357
40,48,27.3351
40,49,19.7343
41,42,83.1851
41,43,80.4333
41,44,26.4796
41,45,97.7817
41,46,85.9576
41,47,110.664
41,48,53.6538
41,49,78.4223
42,43,124.67
42,44,99.2744
42,45,175.371
42,46,126.196
42,47,152.753
42,48,116.928
42,49,126.576
43,44,56.5663
43,45,79.7654
43,46,164.823
43,47,187.569
43,48,128.141
43,49,155.848
44,45,76.269
44,46,108.291
44,47,131.129
44,48,71.8382
44,49,99.3033
45,46,152.624
45,47,166.199
45,48,113.927
45,49,140.83
46,47,27.1304
46,48,39.4713
46,49,12.0695
47,48,59.4803
47,49,32.2421
48,49,28.5924
